{
    // Olası öznitelikler hakkında bilgi edinmek için IntelliSense kullanın.
    // Mevcut özniteliklerin açıklamalarını görüntülemek için üzerine gelin.
    // Daha fazla bilgi için şu adresi ziyaret edin: https://go.microsoft.com/fwlink/?linkid=830387
    "version": "0.2.0",
    "configurations": [
        {
            "name": "(gdb) Ekle",
            "type": "cppdbg",
            "request": "attach",
            "program": "Program adını girin, örneğin: ${workspaceFolder}/a.exe",
            "MIMode": "gdb",
            "miDebuggerPath": "/path/to/gdb",
            "setupCommands": [
                {
                    "description": "gdb için düzgün yazdırmayı etkinleştir",
                    "text": "-enable-pretty-printing",
                    "ignoreFailures": true
                },
                {
                    "description": "Ayrıştırılmış Kod Varyantını Intel olarak ayarla",
                    "text": "-gdb-set disassembly-flavor intel",
                    "ignoreFailures": true
                }
            ]
        } ,
        {
            "name": "Launch Chrome",
            "request": "launch",
            "type": "chrome",
            "url": "http://localhost:8080",
            "webRoot": "${workspaceFolder}"
        },
        {
            "name": "(gdb) Başlat",
            "type": "cppdbg",
            "request": "launch",
            "program": "Program adını girin, örneğin: ${workspaceFolder}/a.exe",
            "args": [],
            "stopAtEntry": false,
            "cwd": "${fileDirname}",
            "environment": [],
            "externalConsole": false,
            "MIMode": "gdb",
            "miDebuggerPath": "/path/to/gdb",
            "setupCommands": [
                {
                    "description": "gdb için düzgün yazdırmayı etkinleştir",
                    "text": "-enable-pretty-printing",
                    "ignoreFailures": true
                },
                {
                    "description": "Ayrıştırılmış Kod Varyantını Intel olarak ayarla",
                    "text": "-gdb-set disassembly-flavor intel",
                    "ignoreFailures": true
                }
            ]
        },
        {
            "name": "(Windows) Başlat",
            "type": "cppvsdbg",
            "request": "launch",
            "program": "Program adını girin, örneğin: ${workspaceFolder}/a.exe",
            "args": [],
            "stopAtEntry": false,
            "cwd": "${fileDirname}",
            "environment": [],
            "console": "externalTerminal"
        }
    ]
}